Pseudomonas,Microcystis,Candidatus_Planktophila,Paenibacillus,Candidatus_Nanopelagicus,Limnohabitans,Streptomyces,Polynucleobacter,Synechococcus,Candidatus_Fonsibacter,Flavobacterium,Acidovorax,Candidatus_Methylopumilus,Halorubrum,Marinobacter,Hydrogenophaga,Acinetobacter,Salmonella,Variovorax,Bacillus,Cyanobium,Burkholderia,Rhodoferax,Mycolicibacterium,Dolichospermum,Comamonas,Anabaena,Cupriavidus,Starkeya,Bradyrhizobium,Escherichia,Sphingomonas,Mycobacterium,Diaphorobacter,Aeromonas,Psychroflexus,Shewanella
0.044493036,0.000154526,0.000333744,0.031216339,8.55964E-05,0.015665988,0.044295917,0.000846293,0.05773249,3.49793E-05,0.017328533,0.012354684,0.000515224,0.000742384,0.002420978,0.015019694,0.003488464,0.003633936,0.00763783,0.007271988,0.056120357,0.008619308,0.005178992,0.008252643,8.7654E-05,0.005539279,0.000332097,0.005060268,0.005826315,0.006085573,0.007766842,0.00691273,0.007218696,0.004114387,0.003067683,0.000791149,0.00207242
0.044484668,6.6521E-05,0.000309425,0.027055809,7.66621E-05,0.016034574,0.032817057,0.001327884,0.111846759,1.60568E-05,0.001869831,0.018092982,0.000655793,0.000424237,0.00145815,0.020778088,0.002014101,0.002084606,0.009255954,0.005966002,0.109789317,0.007328294,0.007259117,0.006333135,3.17514E-05,0.00825995,0.000154169,0.005051611,0.005147589,0.004941628,0.006797816,0.004726732,0.005649696,0.006472938,0.002919438,0.000111311,0.001325953
0.036569311,5.77318E-05,0.000824767,0.028244975,0.000201226,0.008044959,0.076539973,0.001103216,0.002677569,1.4665E-05,0.001280681,0.015540259,0.000307222,0.001238357,0.001188422,0.017440211,0.00328366,0.006516086,0.010312279,0.014812021,0.001373498,0.011891273,0.005787477,0.014209271,5.06778E-05,0.007891626,0.000162614,0.00749233,0.005334718,0.006563608,0.006880112,0.007564912,0.012179932,0.005147229,0.002698917,0.000137183,0.001453134
0.0127687,2.07721E-05,1.8591E-05,0.004527067,2.19145E-05,4.1648E-05,0.026493642,4.48677E-05,0.000379194,7.27023E-07,0.00020824,0.000722661,1.3398E-05,0.43262826,0.001441998,0.000597509,0.00042832,0.001057506,0.001199691,0.000695449,0.00012027,0.004447925,0.000377844,0.004143718,8.62041E-06,0.000280631,2.01489E-05,0.001305733,0.001058545,0.002406445,0.001727302,0.00211304,0.00346499,0.000193388,0.000759427,4.20635E-05,0.000332561
0.070603348,0.000129826,0.000589086,0.016285055,0.000256406,0.017363539,0.027770488,0.000763655,0.001785572,8.06776E-05,0.017021355,0.009287199,0.000443495,0.000520232,0.001805973,0.011166431,0.00381109,0.00214213,0.005632132,0.008187851,0.000666286,0.005263983,0.00379718,0.004938258,0.000172251,0.003900809,0.00042773,0.003035611,0.001917948,0.0028469,0.003059258,0.003081746,0.004334335,0.002850609,0.002120338,0.000308105,0.002761122
0.051724229,7.18196E-05,0.00153159,0.034797126,0.000696713,0.022632865,0.052439055,0.001218406,0.002013055,2.73799E-05,0.003015792,0.017168045,0.000542122,0.0010655,0.001645743,0.023862854,0.003626153,0.003509262,0.010110769,0.010914895,0.000417438,0.009115193,0.007417007,0.010333388,6.55012E-05,0.007556012,0.000265796,0.00540669,0.003360779,0.004499993,0.003694603,0.004545065,0.008451967,0.005649318,0.002448396,0.000137953,0.002292751
0.029991341,7.37265E-05,0.001234346,0.025987443,0.000587522,0.002168291,0.045247458,0.000534174,0.00137287,5.51804E-05,0.002235378,0.002808933,0.00024751,0.170879914,0.001117346,0.0032893,0.002935093,0.002925247,0.003711053,0.009936591,0.000301546,0.00691266,0.001453923,0.007855077,4.94563E-05,0.001541387,0.000226675,0.003155814,0.003009964,0.005103842,0.003442707,0.00583172,0.006065034,0.000884718,0.001633889,0.000128907,0.001721811
0.010279938,9.51155E-06,3.03756E-05,0.003914258,1.07388E-05,4.17281E-05,0.028940778,3.4262E-05,0.000379439,6.13648E-07,8.52971E-05,0.000645865,1.12502E-05,0.479613275,0.000605364,0.000531726,0.000317768,0.000779742,0.001233944,0.000720628,0.000121605,0.004611976,0.00032912,0.004527088,5.21601E-06,0.000269392,1.77958E-05,0.001372527,0.001041463,0.002409081,0.001494234,0.002018596,0.003645173,0.000230629,0.000659876,1.28866E-05,0.000217129
0.075447395,0.000153397,0.000299288,0.016849908,0.000140933,0.000413734,0.012547984,0.001461311,0.001785669,1.82717E-05,0.004794126,0.001674623,0.00043583,0.00025722,0.006987013,0.001302815,0.003603491,0.008289262,0.001410179,0.005445533,0.000123936,0.00323919,0.000908628,0.003383522,0.000160621,0.001203524,0.000160338,0.002830697,0.004444131,0.004248808,0.00317361,0.002847836,0.003203213,0.00070169,0.002463139,0.00198425,0.003223326
0.119387639,0.000136016,0.000238458,0.023560042,7.48949E-05,0.000767544,0.013509835,0.002692773,0.002968765,0.000118627,0.002680721,0.002398875,0.000971568,0.000284945,0.006268789,0.001665594,0.005273806,0.010947741,0.001760116,0.004668621,0.000128613,0.004484225,0.001288192,0.003467031,0.000211944,0.00192368,0.000167007,0.004052417,0.004204273,0.004714763,0.002769045,0.003753526,0.003402122,0.000835724,0.002896969,0.001006002,0.004629021
0.099168603,0.000285688,0.001133635,0.032544412,0.000666974,0.000628017,0.015081793,0.002609875,0.003114111,4.89041E-05,0.005029659,0.001912508,0.000763124,0.000349788,0.005183002,0.001525144,0.007033068,0.00944926,0.000987475,0.007277035,0.00014837,0.003801531,0.001047431,0.004887367,0.000237613,0.002563733,0.000195893,0.003142293,0.000569442,0.004045775,0.007122863,0.003361395,0.006190094,0.000589888,0.003749312,0.003980846,0.004995122
0.02719242,0.000105487,0.110452394,0.016336259,0.139375265,0.07570496,0.008226242,0.11608267,0.001195616,0.027450261,0.004967609,0.009134561,0.000695169,0.000153079,0.000981304,0.011178716,0.004081199,0.027816781,0.004098466,0.006539176,0.000229547,0.003567259,0.004261412,0.002777195,0.000128993,0.004138803,0.000158738,0.003108456,0.003641839,0.005430329,0.001803145,0.006093287,0.002758477,0.003199723,0.00112118,0.000597663,0.001718697
0.042712168,0.000128432,0.002119128,0.050961338,0.000997326,0.005708225,0.053347982,0.000987587,0.002330341,8.12591E-05,0.00529706,0.006081956,0.00056851,0.001157714,0.001414883,0.007862048,0.005288234,0.004809505,0.005478143,0.022097307,0.000432773,0.008381863,0.0028112,0.010363125,0.000160692,0.003228452,0.000356992,0.004092477,0.003448795,0.004752593,0.003636878,0.004656117,0.008169433,0.001886307,0.002128867,0.000316515,0.00303063
0.053458151,0.000163004,0.022255058,0.059198424,0.005239551,0.011225747,0.026841271,0.002349298,0.043908342,0.000255744,0.004653643,0.007912402,0.000768556,0.00038985,0.00124869,0.007148757,0.003390031,0.013234116,0.006013206,0.004822124,0.023730783,0.006375102,0.003978961,0.009351673,0.000175848,0.004074723,0.00022779,0.005381967,0.007248486,0.014940464,0.003207006,0.011037055,0.007804362,0.002750103,0.002030845,0.000108795,0.002005913
0.028417847,7.33612E-05,0.057513083,0.023954567,0.003277463,0.051643476,0.009700961,0.149819642,0.00101856,6.24562E-05,0.027317854,0.011782126,0.000928629,0.000276025,0.000627536,0.009496031,0.005703907,0.009100192,0.005615817,0.004532959,0.000399521,0.004528427,0.00481904,0.011009567,7.22282E-05,0.005301411,0.000160885,0.003760825,0.005133162,0.009650401,0.002155376,0.012705373,0.004224644,0.004350831,0.00101941,0.000158619,0.001763785
0.025201128,1.85619E-05,8.55645E-05,0.002198447,2.35329E-05,0.000106242,0.014873312,0.000207301,0.000234694,1.06295E-05,0.000151827,0.001668349,4.60081E-06,0.035688439,0.000204022,0.000951469,0.003516289,0.000435861,0.00244081,0.000472932,0.000173509,0.003554788,0.000578803,0.005147197,3.06721E-06,0.001531859,4.07727E-05,0.002823576,0.010838982,0.020254516,0.004158552,0.0264911,0.002696022,0.000849987,0.000504926,5.92288E-06,0.00014088
0.227955333,2.44954E-05,7.06421E-05,0.005585588,4.27522E-05,0.000296605,0.009299985,0.000481559,0.000666421,2.01835E-05,0.003315866,0.004183113,0.000105321,0.000164036,0.013122273,0.007036319,0.01805199,0.004101003,0.003121188,0.001157796,0.000177064,0.003886966,0.002346877,0.001925869,2.05504E-05,0.002321556,3.87155E-05,0.004515865,0.002057336,0.007166227,0.004114306,0.006898063,0.001639172,0.001311741,0.007875584,0.0037166,0.003976141
0.035596378,0.00016769,0.142208633,0.032344118,0.138872299,0.007686158,0.020119772,0.010841251,0.003503565,0.045262193,0.005560635,0.006742732,0.001288454,0.000596791,0.000817544,0.005166679,0.005961482,0.032097866,0.004734361,0.008544132,0.000491583,0.004821881,0.003702036,0.013176501,0.000192958,0.002724383,0.000387064,0.003068491,0.003003253,0.009511449,0.001869395,0.010830454,0.011979473,0.002775838,0.001348638,0.000148624,0.002119092
0.036616495,9.31985E-06,0.00021198,0.004228459,5.56689E-05,0.028808339,0.013829654,0.002656907,0.000405632,1.93903E-05,0.0016807,0.008843785,6.51138E-05,0.001136208,0.000686479,0.008811572,0.012518745,0.000728887,0.006100497,0.000766167,0.000178641,0.004396028,0.004217075,0.001967676,2.37687E-06,0.003925658,2.73966E-05,0.003904516,0.010447988,0.024073418,0.003453035,0.028044174,0.001742249,0.00333294,0.000808512,1.9703E-05,0.00043747
0.126549549,0.000135519,9.65887E-05,0.048947761,5.55543E-05,0.001023336,0.030402725,0.002344223,0.003225096,2.41998E-05,0.005410442,0.002756882,0.00086025,0.000726835,0.008269174,0.001966707,0.00545316,0.007838628,0.00235222,0.00686727,0.000275036,0.005887283,0.001308893,0.004985368,0.000244523,0.001985014,0.000148566,0.004254534,0.005162131,0.007137255,0.005509346,0.005902855,0.004104285,0.001061213,0.003592301,0.001106036,0.004684659
0.133361818,0.000125823,9.39638E-05,0.046895586,4.41589E-05,0.00102231,0.034375619,0.002365225,0.003207673,1.27033E-05,0.004897408,0.002766689,0.000834181,0.000999928,0.008446255,0.002029698,0.005607379,0.007614292,0.002436404,0.006204029,0.000271003,0.006242542,0.001264881,0.005953996,0.000230272,0.002043208,9.51736E-05,0.004488484,0.005195431,0.005544871,0.006963603,0.00535775,0.00469214,0.000991056,0.003863605,0.000939436,0.004889746
0.1293771,0.000131227,0.000120075,0.043682534,5.65529E-05,0.000798909,0.017225734,0.00184912,0.002428788,8.56259E-06,0.005253844,0.002810121,0.00068421,0.00053088,0.012320965,0.001598217,0.008212715,0.006281553,0.002307119,0.005018472,0.000211874,0.005514704,0.001159733,0.007744362,0.000206099,0.002331015,0.000129434,0.004081566,0.008364253,0.008860485,0.006184975,0.00896224,0.0026319,0.0011902,0.00356343,0.000935911,0.004282289
0.073011769,9.68229E-05,6.8775E-05,0.018684643,2.30531E-05,0.000216315,0.009574837,0.000615517,0.000949018,4.0599E-05,0.002132409,0.001577342,0.000249485,0.00054354,0.022963805,0.001118586,0.006424891,0.003436188,0.001530724,0.003217697,0.000141648,0.002780841,0.000691208,0.001723089,0.000109118,0.001072096,0.000196976,0.002225134,0.006048358,0.004641352,0.004687202,0.004416969,0.001657516,0.000898429,0.002754714,0.000336191,0.006197434
0.036318268,3.77098E-05,1.4222E-05,0.004668114,4.74066E-06,3.28255E-05,0.015424671,7.91547E-05,0.000390386,2.08302E-06,0.000244647,0.000783717,1.69515E-05,0.248441328,0.001878307,0.000522694,0.000606948,0.001287664,0.001184806,0.000622176,0.00010372,0.002715249,0.00042903,0.002435406,3.15326E-05,0.000748881,4.35279E-05,0.00164307,0.001636677,0.001674602,0.002752169,0.001375797,0.001926073,0.000224463,0.00140618,0.000221518,0.000527291
0.044226533,1.35065E-05,1.01126E-05,0.003031137,2.97836E-06,3.01992E-05,0.012500444,9.57923E-05,0.000342788,8.3117E-07,0.000310857,0.000901473,1.66234E-05,0.191962355,0.002521422,0.000593247,0.000826667,0.001544175,0.001176936,0.000661542,9.63464E-05,0.002426738,0.000557853,0.002080487,1.14286E-05,0.000864763,1.50303E-05,0.001826772,0.001543967,0.001482183,0.002035049,0.001175274,0.001705699,0.000258147,0.001885716,0.000315498,0.000719585
0.035320033,1.16466E-05,1.25973E-05,0.002683531,5.05082E-06,2.89977E-05,0.008860922,8.63393E-05,0.0002958,2.4957E-06,0.000219384,0.000765764,1.56278E-05,0.115667064,0.001710683,0.000549648,0.000707353,0.001323137,0.000987168,0.000626124,9.89961E-05,0.001802786,0.000416069,0.001533905,6.53636E-06,0.00102193,4.81314E-06,0.001593088,0.001976119,0.002567956,0.005167287,0.002398724,0.001224319,0.000239231,0.001254089,0.000215937,0.000461407
0.034588709,6.19596E-05,8.82251E-05,0.010863307,3.46839E-05,0.0001171,0.003895291,0.000357194,0.000569928,3.66202E-05,0.002145857,0.000814483,0.00015271,0.000444661,0.013025412,0.000569338,0.003359373,0.002497411,0.000728194,0.002601126,7.28194E-05,0.001334573,0.000368643,0.000777947,7.73653E-05,0.000522869,0.000111292,0.001139939,0.002626634,0.003217607,0.002837936,0.003005968,0.000767592,0.000391709,0.001474067,0.000998846,0.003606286
0.062419545,0.000213228,0.000989963,0.045688701,0.000513014,0.000417132,0.037167669,0.001288341,0.001741363,2.07598E-05,0.00836938,0.002698075,0.000215515,0.001167301,0.007286878,0.002998213,0.006925516,0.005406002,0.003098493,0.005764197,0.000345,0.005689426,0.001032714,0.007505208,0.000287823,0.001505088,0.000344121,0.003564886,0.005751178,0.010661758,0.004460374,0.010867949,0.007072594,0.00096199,0.002358001,0.004864663,0.002808735
0.052371207,0.000190142,0.001089012,0.046931487,0.000582168,0.000340945,0.03661805,0.001237527,0.001615677,8.69135E-06,0.005695277,0.002181835,0.000196089,0.000965808,0.003148863,0.001812376,0.003122484,0.005284801,0.002642324,0.004053678,0.00032341,0.005491107,0.000882859,0.008051092,0.00028224,0.00145969,0.000157207,0.003466783,0.005081393,0.007030544,0.004280721,0.006686549,0.007781202,0.000774141,0.002053294,0.004062675,0.002082876
0.063505097,0.000254252,0.00137078,0.050662531,0.000769032,0.000314999,0.037536541,0.00158441,0.001918427,1.20017E-05,0.009257379,0.002209422,0.000265884,0.000755,0.018411173,0.001594381,0.004192473,0.006500494,0.002553409,0.005852771,0.000336602,0.00547961,0.000822394,0.008028588,0.0002705,0.001622816,0.000247604,0.003360663,0.00353478,0.004352188,0.005099064,0.004019649,0.007914849,0.000756477,0.002426376,0.004573205,0.002710355
0.052852101,0.000180955,0.000498362,0.033009208,0.00016183,0.000254146,0.02807892,0.000600609,0.001608734,2.75846E-05,0.005235926,0.002195734,0.000204126,0.000671225,0.017585369,0.001318176,0.00475816,0.002778689,0.002860707,0.007096599,0.000200448,0.00648275,0.000790391,0.004695635,0.000220677,0.001525612,0.000278053,0.003843455,0.005375688,0.009170226,0.004038386,0.00982821,0.004260902,0.001084259,0.002303866,0.002971046,0.00288866
0.009905938,9.5515E-05,1.11363E-05,0.007783405,8.78053E-06,1.40274E-05,0.023178781,2.60204E-05,0.000393304,2.99823E-06,0.000162654,0.000529188,4.17611E-06,0.409209578,0.000158478,0.000357325,0.000247889,0.001102599,0.001112986,0.000717755,4.59372E-05,0.003709239,0.00024275,0.003537269,5.03274E-06,0.000252173,6.10354E-06,0.00116417,0.001493119,0.003244835,0.001107418,0.002659216,0.002943727,0.000130958,0.000440954,3.10531E-06,0.000148734
0.009336724,9.35143E-05,1.03281E-05,0.007156258,1.65025E-05,4.51294E-05,0.022707025,2.94127E-05,0.000406276,3.36786E-06,0.000255845,0.00052359,8.8687E-06,0.415127853,0.000170302,0.00035733,0.000381017,0.000986222,0.001019115,0.000860938,4.34454E-05,0.003549053,0.000232046,0.003432301,4.26596E-06,0.000253488,2.00949E-05,0.00104168,0.001105108,0.002708996,0.001037077,0.00226848,0.002854263,0.000119335,0.0004541,6.28668E-06,0.000175915
0.016518519,5.17044E-05,1.41952E-05,0.007712885,1.45712E-05,3.98594E-05,0.019886544,3.08346E-05,0.000331096,1.41012E-06,0.000191494,0.000863463,7.0506E-06,0.253177047,0.000184538,0.000557937,0.000803956,0.002171961,0.001664881,0.000823792,8.03768E-05,0.003950028,0.000373212,0.002997633,3.85433E-06,0.000607762,1.61694E-05,0.00200237,0.005429431,0.015171103,0.006652851,0.011099241,0.002459343,0.000410063,0.000507455,5.73449E-06,0.000179367
0.056853643,0.000587734,0.016434928,0.040133082,0.017395312,0.008218447,0.033174171,0.002086936,0.079834028,0.036999728,0.005029295,0.007750423,0.002673687,0.000472941,0.000903602,0.00520677,0.003316975,0.006779715,0.007374578,0.007530176,0.039344029,0.008825355,0.003230695,0.020831259,0.000354951,0.003227745,0.000448605,0.006152651,0.005960181,0.010238031,0.023146554,0.013102468,0.018377327,0.002869844,0.002031629,8.80004E-05,0.00149871
0.049858828,0.000298694,0.052030511,0.023096559,0.047718031,0.05284947,0.020936343,0.007711121,0.050867915,0.045532662,0.006682799,0.019739346,0.004439725,0.000227489,0.000947684,0.012523706,0.005035634,0.018573051,0.011314688,0.006655057,0.017976403,0.005788011,0.010703243,0.034521847,0.000367496,0.008554863,0.000328841,0.004897662,0.004068901,0.006195826,0.004304342,0.008874272,0.030472551,0.006939695,0.002059049,0.000114484,0.001802523
0.037018102,0.000305504,0.060265948,0.026359647,0.086875619,0.012201036,0.021140368,0.005231587,0.005390677,0.15720316,0.00669738,0.009098788,0.008960458,0.000258842,0.000803899,0.005851596,0.005005629,0.021922957,0.006347236,0.010364341,0.000727477,0.004681938,0.005000669,0.020688083,0.000105264,0.003858567,0.000181318,0.003893471,0.004407849,0.006473258,0.007604338,0.009796872,0.018351155,0.003619749,0.001734738,0.000121062,0.001677238
0.039242791,0.000106147,0.001500358,0.005407128,0.002984799,0.002661592,0.022513075,0.000475585,0.04311205,0.002110883,0.001102128,0.003261674,0.000320571,0.000262175,0.000299889,0.002101556,0.003377554,0.003363158,0.003525978,0.010306635,0.029911252,0.004396954,0.001116727,0.018657705,8.47557E-05,0.001413068,9.31704E-05,0.003132006,0.008227789,0.037863788,0.13630254,0.056051789,0.014366696,0.001115308,0.002599647,1.40922E-05,0.000633336
0.0544436,0.000244907,0.010802306,0.02600332,0.033549817,0.037221437,0.021365179,0.003670126,0.137394514,0.043285382,0.003618523,0.015353003,0.008826786,0.000288546,0.00090994,0.011866557,0.003367144,0.006042375,0.009564163,0.005385141,0.082827963,0.005320927,0.007805343,0.01015652,0.000208735,0.006399283,0.000267141,0.004895326,0.005013134,0.010866353,0.016168697,0.016099339,0.008765061,0.004914076,0.004378631,6.90254E-05,0.001440739
0.026571637,0.00011845,0.050384298,0.022238473,0.136057061,0.030715968,0.009201643,0.00915515,0.021481708,0.261212831,0.005853133,0.010719038,0.021372127,0.000103429,0.000705409,0.009820646,0.004105991,0.013412781,0.005810503,0.00851426,0.012546148,0.003070982,0.005336415,0.004136033,0.000103716,0.004446321,0.000222452,0.002939513,0.00316969,0.004216717,0.002768848,0.0052224,0.003584123,0.003497145,0.001372765,9.39877E-05,0.001559167
0.05370765,0.000449507,0.010110961,0.040195427,0.011905129,0.014881056,0.023611607,0.00334317,0.212969606,0.040163537,0.004321401,0.009329554,0.000277463,0.000311588,0.00091506,0.009164417,0.002911538,0.007281484,0.006524452,0.006528921,0.126152204,0.005753608,0.003842035,0.004056734,0.000372321,0.003799989,0.00050435,0.004517007,0.003536541,0.006009134,0.00392044,0.005772904,0.00373499,0.002723447,0.00227719,7.45454E-05,0.001484409
0.045467341,0.000158974,0.016124431,0.035195029,0.019735238,0.020562047,0.018185862,0.005637831,0.227804626,0.073862217,0.003546782,0.009242976,0.000366728,0.000213997,0.00091232,0.009622771,0.002294593,0.010481083,0.005825841,0.005633911,0.133543692,0.00450077,0.004171353,0.003681366,0.000280636,0.00395271,0.000228806,0.003646087,0.002788209,0.004175418,0.00332901,0.004274722,0.00340915,0.002671338,0.002049817,6.79449E-05,0.001458202
0.043074736,0.00012174,0.035096731,0.03827621,0.042392994,0.024637942,0.024353522,0.013246537,0.031324064,0.120477349,0.003448929,0.011141794,0.000596254,0.000315982,0.001084655,0.012249354,0.003865189,0.023154522,0.007165867,0.007311413,0.018273573,0.005554575,0.00493253,0.006802992,0.000159434,0.004793116,0.000229412,0.00500359,0.005382516,0.00874253,0.013036243,0.00915356,0.006072194,0.003391757,0.001815634,7.48473E-05,0.001953425
0.046770154,0.000872149,0.001231056,0.028417922,0.003030569,0.001535651,0.032951555,0.000770315,0.095948107,0.001883696,0.003477279,0.005440632,0.000398735,0.000445352,0.000641326,0.002424546,0.009512167,0.004842755,0.003622562,0.008827845,0.064142973,0.007090789,0.00121793,0.025095882,0.0003838,0.001619834,0.000665766,0.004243973,0.005956589,0.018019123,0.01937962,0.020243622,0.023412685,0.001068122,0.00370765,3.75653E-05,0.001464141
0.037858977,0.000281287,0.011691876,0.019248168,0.020549057,0.018237744,0.018122898,0.002239503,0.330612658,0.007656876,0.001558611,0.007008974,0.002258727,0.00017599,0.000603873,0.005130257,0.00629075,0.00438636,0.004470077,0.003504301,0.219122929,0.003531338,0.003734366,0.006426309,8.50805E-05,0.003985142,0.000279302,0.002869794,0.003270392,0.004401739,0.003631426,0.004841901,0.005531599,0.002771443,0.004959352,1.97198E-05,0.00095635
0.04103612,0.000179614,0.045657083,0.041843323,0.133736073,0.018864878,0.018491759,0.007846491,0.024524167,0.109666246,0.003907715,0.011070862,0.016508287,0.000222829,0.000699742,0.004894917,0.005652537,0.008917809,0.004896846,0.00830006,0.0151416,0.004499033,0.004271766,0.007098903,3.83923E-05,0.003942442,0.000300772,0.003498712,0.004017297,0.01049903,0.012651891,0.011867454,0.006187714,0.002824436,0.003793503,6.92604E-05,0.001342765
0.055254862,0.000112157,0.004610137,0.019612355,0.000906518,0.004390337,0.021330595,0.0006219,0.063117907,0.000203596,0.001999154,0.005914356,0.000157645,0.000334273,0.000616228,0.00560138,0.004295194,0.003159038,0.005711339,0.002439217,0.039239062,0.005257385,0.002564222,0.005904402,0.000175933,0.002510632,0.000602223,0.004631666,0.006266916,0.037066754,0.057727877,0.033672405,0.005031798,0.00169266,0.001973574,3.55338E-05,0.000907328
0.047288228,0.000170071,0.02423329,0.044444658,0.003338323,0.007165089,0.018195753,0.001440401,0.232194086,0.000113907,0.003480628,0.005480151,0.000433856,0.000229234,0.000959531,0.004761528,0.005522274,0.010304784,0.003669,0.004533872,0.134722313,0.003834654,0.002406874,0.004920713,0.000295337,0.002515259,0.000282401,0.003057027,0.00293744,0.004324201,0.003565506,0.005351571,0.004978771,0.001618992,0.002378003,8.42469E-05,0.001640133
0.054098384,0.000133965,0.094361839,0.061373242,0.015101184,0.022773043,0.024107097,0.003757298,0.010387728,0.000199432,0.004599993,0.01359682,0.000912823,0.000331067,0.001586373,0.011763952,0.005864386,0.029216855,0.007038614,0.006884147,0.004012646,0.00537093,0.005589467,0.009221421,0.000183357,0.005337148,0.00022739,0.005126066,0.004784282,0.006273735,0.005084829,0.005417993,0.009133587,0.00313081,0.002418817,0.000114627,0.002839583
0.063214339,0.000329592,0.001631249,0.031009355,0.000429319,0.022153101,0.036557083,0.009334889,0.004148261,0.000140549,0.014717683,0.015826462,0.000837543,0.000513704,0.001141655,0.02599177,0.0034225,0.003867162,0.010639834,0.00685733,0.004088809,0.008782281,0.00698418,0.006209652,0.001412343,0.005892936,0.006641437,0.007094318,0.009798182,0.01581879,0.007858984,0.015302347,0.005620057,0.005844717,0.002336736,0.000156166,0.001706867
0.045997138,8.78517E-05,0.001838874,0.006929356,0.000398543,0.047389513,0.023536063,0.075187546,0.002383883,6.01163E-05,0.009610951,0.01791246,0.000668657,0.000226802,0.001042607,0.017483995,0.002864677,0.003468435,0.00960248,0.003267455,0.00150359,0.005578652,0.00719619,0.005110702,5.10988E-05,0.007605254,0.000404418,0.005921315,0.01100961,0.011710101,0.011747264,0.016381955,0.004739074,0.005472766,0.001807177,8.00639E-05,0.001290723
0.03999707,0.000159902,0.002403005,0.016932858,0.000420163,0.065849227,0.024148025,0.022902353,0.001903451,0.00016717,0.033083537,0.031360955,0.003170648,0.000332664,0.000993518,0.045980543,0.005263354,0.002744615,0.014603933,0.007995668,0.00040283,0.006419849,0.013809454,0.004128384,0.000108465,0.012685107,0.000439172,0.005841741,0.004165843,0.007862323,0.004711523,0.008991423,0.00447782,0.011912153,0.00205273,0.000318407,0.002234158
0.065483483,0.000173923,0.000235076,0.019544028,0.000120168,0.000217486,0.018348757,0.00079219,0.001635834,1.44662E-05,0.009900977,0.002488683,0.000147128,0.000395684,0.003857385,0.001908555,0.003347451,0.003606034,0.002854941,0.004631821,0.000146635,0.00483632,0.001196751,0.003689873,0.000206637,0.001893595,8.53178E-05,0.004021938,0.010547518,0.007279961,0.006933758,0.008044862,0.003490469,0.000863863,0.002493286,0.00812755,0.002089383
0.119173045,0.00013048,0.042531614,0.018783737,0.025486782,0.036090265,0.019053671,0.010219397,0.002690368,0.002015018,0.004062104,0.024025019,0.021860692,0.000283615,0.001125486,0.015028931,0.0645297,0.007324114,0.015079241,0.00487323,0.000681823,0.007938858,0.014906836,0.003710233,8.45843E-05,0.015580274,0.000163726,0.008715709,0.005033278,0.007085955,0.005204653,0.008287198,0.003565484,0.008458573,0.010659088,4.60433E-05,0.003492815
0.11035995,0.000184155,0.034721489,0.018460877,0.027638981,0.041011875,0.024485737,0.010338879,0.002654741,0.002786305,0.00290759,0.031078822,0.029774834,0.000400687,0.001351611,0.02256042,0.013166812,0.009833695,0.020272618,0.003951363,0.000600773,0.008603713,0.021311079,0.004515305,7.41758E-05,0.013929298,0.000169936,0.00951181,0.006548031,0.011184792,0.014346259,0.009124143,0.00443873,0.010984877,0.006981095,4.02571E-05,0.003791362
0.051965346,1.39092E-05,0.00626588,0.004835154,0.003573485,0.009501844,0.010212767,0.002949493,0.000744291,0.000337668,0.000676373,0.006490942,0.004780405,0.000104911,0.000380136,0.005394556,0.044110635,0.005205746,0.003696522,0.001984357,0.000275003,0.002711187,0.002619742,0.002857974,1.13197E-05,0.003965162,3.95821E-05,0.002273861,0.005500947,0.04032829,0.132031894,0.024246426,0.002257732,0.00205701,0.00123829,7.62047E-06,0.000568058
0.068678325,0.000129599,0.000563562,0.024260062,0.000227554,0.000257184,0.018169336,0.00109102,0.001873362,4.22887E-05,0.004537407,0.003120304,0.000205259,0.00026452,0.003142167,0.001722187,0.004074245,0.003182298,0.002600325,0.003630933,0.000138086,0.004428665,0.00140948,0.004856587,0.000230862,0.002574722,6.24262E-05,0.003782395,0.007696116,0.004959575,0.004014408,0.005304214,0.004521585,0.000684818,0.002577742,0.003293198,0.002633264
0.0845143,9.66472E-05,0.014968883,0.012211363,0.002090211,0.040407881,0.019826451,0.005244525,0.002466471,0.000132552,0.005097341,0.05022618,0.002815065,0.000294737,0.00129281,0.027690657,0.038981412,0.004404211,0.029706845,0.002072505,0.000921591,0.010903183,0.034203523,0.00752299,3.94704E-05,0.01853696,0.000145094,0.013906009,0.007479707,0.010025612,0.002359495,0.009595126,0.003471307,0.018886907,0.002810639,3.54127E-05,0.001553733
0.035724801,0.000132552,0.001673753,0.001756205,0.000415095,0.003574464,0.009590447,0.000559232,0.001059059,9.28664E-05,0.000726108,0.010326354,0.000231026,0.000215497,0.000390507,0.044381716,0.071624182,0.002146219,0.005690118,0.000681247,0.000540745,0.002943071,0.004442553,0.003090536,7.94942E-06,0.003769626,8.94772E-05,0.003747934,0.003701963,0.027586139,0.069509082,0.018167313,0.002295348,0.002462101,0.001035889,5.85422E-06,0.000399443
0.014817117,5.29821E-06,0.000113073,0.00149913,6.45058E-05,0.00016685,0.00584755,8.38001E-05,0.000288135,4.14144E-05,0.000205085,0.001245433,2.31797E-05,7.54112E-05,8.80387E-05,0.00226534,0.006142926,0.00194387,0.001067193,0.000795218,0.000170073,0.001298592,0.000292903,0.003067931,6.1371E-06,0.000470702,6.18125E-06,0.000964054,0.003363129,0.026267307,0.085001097,0.010321274,0.001947756,0.000458384,0.000265705,1.76607E-07,0.000113029
0.063265301,0.000309036,0.00509716,0.013082711,0.002439965,0.000233523,0.016580641,0.002529185,0.002532288,0.000124649,0.003636802,0.002387467,0.00037524,0.000134993,0.003790415,0.001788273,0.008766805,0.007715564,0.00221601,0.012545583,0.00013008,0.004129191,0.001341657,0.005578429,0.000472476,0.003878342,0.000384291,0.003103035,0.002383071,0.0045696,0.008370101,0.002900545,0.007086113,0.000283176,0.004148328,0.002557373,0.00496165
0.028335724,0.000113081,9.13767E-05,0.00089776,5.02986E-05,5.87421E-05,0.003013927,0.000116811,0.029836964,1.63691E-05,0.00017576,0.000270815,3.31525E-05,3.24791E-05,0.000115671,0.000182805,0.749707792,0.002435986,0.000395551,0.00130362,0.019680894,0.000642486,0.000114117,0.001660009,3.76592E-05,0.000141105,7.64062E-05,0.000486306,0.000813066,0.000694753,0.001726884,0.000634975,0.001505954,0.000104534,0.000347739,5.12828E-06,0.000280968
0.042111895,0.000237588,0.057296563,0.021493444,0.058299888,0.073429692,0.018464393,0.01923817,0.089531447,0.00907722,0.02937957,0.018282615,0.010501014,0.000207318,0.000785128,0.012366246,0.010562658,0.007030999,0.009691607,0.005482656,0.055646532,0.004776356,0.009471519,0.032429274,8.18236E-05,0.008237227,0.000261237,0.007418518,0.004127758,0.004071474,0.002298156,0.006196682,0.026756642,0.006688412,0.001833385,0.000127229,0.001433411
0.021957558,4.65442E-05,0.033121707,0.003908178,0.054754665,0.053966157,0.003752574,0.011762447,0.002059721,0.010362976,0.032734591,0.01349644,0.013936552,5.09808E-05,0.00044826,0.008753774,0.410743235,0.002976165,0.005714528,0.008933739,0.000986543,0.002188383,0.007705521,0.001375433,4.63828E-05,0.005458817,0.000134873,0.002375124,0.001675832,0.001757708,0.000996949,0.010798652,0.001291298,0.004609567,0.000626128,0.000116401,0.0008699
0.032864571,0.000140575,3.92151E-05,0.002641139,1.73072E-05,0.000153063,0.010500293,0.000298458,0.195453125,1.25605E-05,0.000143423,0.001601903,1.76723E-05,8.71203E-05,0.000396021,0.000748227,0.430055895,0.001187187,0.001149214,0.002299303,0.138805085,0.001988723,0.00054127,0.001688877,2.39526E-05,0.000557336,0.000206664,0.001572473,0.00306104,0.002307263,0.00155188,0.001984487,0.001768549,0.000310434,0.000944229,1.60658E-06,0.000552443
0.0343097,8.85802E-05,0.000109506,0.002734359,3.3527E-05,0.000809222,0.011447542,0.005662755,0.141348516,8.17548E-06,0.006331419,0.002261382,8.498E-05,0.000134408,0.000491279,0.000958631,0.276251305,0.001814131,0.00162257,0.003697716,0.103391353,0.002506946,0.000668889,0.002441167,4.53776E-05,0.00077592,0.00035132,0.002212479,0.005497971,0.003527981,0.001491837,0.012475552,0.002252756,0.00043165,0.000974382,1.59009E-05,0.000542882
0.028735826,4.68611E-05,0.010109701,0.002396093,0.00156955,0.015109311,0.008203185,0.026061065,0.044870297,1.13045E-05,0.002580448,0.006919928,0.001094104,8.10374E-05,0.000422867,0.004055093,0.3533027,0.002030537,0.00338701,0.006378889,0.032188561,0.002462999,0.002155609,0.001952917,2.03744E-05,0.001978352,0.001379477,0.002517813,0.002803777,0.003001212,0.001613979,0.027303179,0.001821995,0.001640926,0.000684645,1.43278E-05,0.000652046
0.028407488,0.000102082,1.23721E-05,0.001819731,5.66848E-06,4.63337E-05,0.005831983,0.000704469,0.012735113,2.90818E-06,0.000249956,0.000866243,1.85828E-05,5.62412E-05,0.00018011,0.000602092,0.54997166,0.000527761,0.001287288,0.00142974,0.011741847,0.001458821,0.000299986,0.001418945,7.09793E-06,0.00046521,2.40541E-05,0.001523738,0.003364073,0.003149262,0.001569874,0.003157494,0.001394102,0.000430854,0.000400836,2.95747E-06,0.000257053
0.04431948,0.000330308,0.012317585,0.024891672,0.004889743,0.015211757,0.023894405,0.064885431,0.04676241,0.002817002,0.005688774,0.008380049,0.000366821,0.000211961,0.000653105,0.006213304,0.01454674,0.003733861,0.005252421,0.003176313,0.036173275,0.004970022,0.003385037,0.075485313,4.75197E-05,0.003227976,0.000642099,0.004642951,0.010860399,0.012635333,0.00700612,0.014203225,0.064222874,0.00329207,0.003164919,3.65138E-05,0.001214149
0.026657442,1.34442E-05,0.008190348,0.004126686,0.000734318,0.002778559,0.00705672,0.104051593,0.000701955,0.000110352,0.003240771,0.00372038,0.000223258,8.08474E-05,0.000391097,0.001466447,0.121993818,0.001855171,0.001735086,0.002618081,0.000256595,0.002382413,0.000938718,0.002099843,7.78666E-06,0.001762887,0.000600668,0.002408085,0.002597763,0.002405712,0.001308706,0.022391752,0.001793547,0.000939144,0.000717772,1.16192E-05,0.000738577
0.110357833,4.94605E-05,0.004991003,0.006432023,0.000228743,0.008927209,0.008786215,0.002816454,0.00126435,1.43246E-05,0.002480771,0.054761205,0.00098993,0.000112615,0.001443183,0.028128861,0.076221732,0.001725711,0.028267512,0.001508499,0.000374512,0.009695873,0.033464916,0.002220406,2.26131E-05,0.025276731,0.000120993,0.011758438,0.002780147,0.005376416,0.003037179,0.009573438,0.001847065,0.0222182,0.012395658,3.3334E-05,0.007553307
0.06703957,1.85569E-05,0.002293346,0.004298237,0.000221111,0.003491537,0.011287072,0.001309532,0.003563894,7.10848E-05,0.001326443,0.026351966,0.00037443,0.000140898,0.000782981,0.03043418,0.019027311,0.002386056,0.013974078,0.001221911,0.002301128,0.006025374,0.01437163,0.003455246,1.70604E-05,0.011323213,0.000414312,0.007195355,0.006030836,0.047584328,0.064044804,0.032372252,0.002518423,0.010432184,0.007433227,1.52645E-05,0.003048491
0.022712293,7.99007E-06,9.10064E-05,0.000567496,3.07542E-05,0.000189852,0.009638533,0.000163922,0.000686342,2.71863E-05,0.000254426,0.003851966,2.14073E-05,0.000132515,0.000142766,0.001552937,0.035517908,0.002673155,0.002145207,0.000685739,0.000429403,0.002348577,0.000920617,0.002902907,2.36184E-06,0.001006949,0.000213018,0.001840831,0.00613999,0.054214062,0.136786178,0.055240459,0.001915656,0.001036498,0.000813077,3.51764E-07,0.000253572
0.05999936,0.000126046,0.000366271,0.011454963,0.000532667,0.001249219,0.034589373,0.000607995,0.015195624,0.000409119,0.000792504,0.006266707,6.38351E-05,0.000373766,0.000488694,0.003261836,0.015872576,0.004258088,0.00571018,0.001649219,0.013907554,0.006432353,0.001678575,0.05404221,8.35727E-05,0.00227845,0.000614366,0.005768268,0.011856212,0.027340655,0.041774256,0.036111047,0.044323162,0.001509681,0.001490568,1.24922E-05,0.000442099
0.055994782,0.000167854,0.015791531,0.019921477,0.034814842,0.060516534,0.0231749,0.007929631,0.016961945,0.02216704,0.003811317,0.025552096,0.002055476,0.000262677,0.000819245,0.014860089,0.024373584,0.007223024,0.012794306,0.004244204,0.003684691,0.005973984,0.012219921,0.04859183,0.000136197,0.009985401,0.000730165,0.005791259,0.008519623,0.008869319,0.007946122,0.023745162,0.039448791,0.008962817,0.002059157,6.13992E-05,0.001597705
0.034768923,0.000101889,0.03110273,0.02877902,0.085358931,0.017161448,0.01349069,0.014166089,0.002832337,0.178271143,0.005793462,0.018214079,0.007011233,0.000278441,0.000708166,0.013305661,0.006102877,0.010298727,0.009760267,0.008669652,0.000581824,0.004272144,0.009421671,0.021271712,8.44452E-05,0.00679148,0.000360278,0.003681517,0.003467307,0.008903751,0.007836612,0.015885478,0.017500859,0.006156022,0.001489202,8.75426E-05,0.001736506
0.019252235,3.90285E-05,0.006190246,0.002162843,0.004305205,0.001310422,0.008601337,0.004333492,0.001036823,0.001521376,0.001452392,0.018875093,0.000428045,9.68039E-05,0.000290145,0.00254232,0.512808904,0.002002927,0.006560049,0.001075784,0.000132296,0.002282531,0.001546994,0.001859089,9.14E-06,0.001592561,0.000151377,0.001556068,0.001799912,0.003964157,0.001042894,0.026420127,0.001629855,0.002219218,0.000481418,8.07255E-06,0.000470877
0.047392323,0.000341572,0.022070875,0.030854018,0.026788128,0.032523561,0.017113036,0.020785377,0.029542383,0.036712417,0.013392876,0.022733227,0.01021121,0.000199003,0.001060654,0.013102094,0.052112249,0.00754012,0.008772748,0.008908189,0.00411282,0.005609794,0.008943534,0.003717488,0.00037662,0.006988259,0.000989667,0.004502211,0.003759961,0.005116149,0.003632243,0.010111412,0.003656302,0.006084431,0.002778908,0.000154153,0.002319717
0.05131245,0.000495413,0.008230262,0.032996469,0.007381898,0.004743147,0.020744243,0.007025497,0.022270904,0.025712667,0.01206737,0.008837574,0.005147364,0.000310557,0.001061317,0.004486814,0.090462883,0.006392058,0.004973847,0.012039272,0.00315191,0.006464029,0.002758538,0.004341394,0.000459921,0.002605231,0.001206737,0.004378858,0.00412006,0.005580173,0.004608079,0.007684075,0.003785842,0.002244886,0.002148761,0.000134575,0.002340518
0.043501304,8.18977E-05,0.006844987,0.012003956,0.000344857,0.101141971,0.004972308,0.27496916,0.000973905,5.59984E-05,0.052159357,0.02642261,0.004055217,5.37818E-05,0.000863775,0.01932528,0.012832616,0.00269154,0.009431647,0.003770325,5.28485E-05,0.004601785,0.00954236,0.001069686,9.06474E-05,0.009269135,0.000293058,0.005186385,0.001876413,0.002465446,0.002531361,0.00850219,0.001096869,0.007537967,0.001272564,0.000157146,0.002113473
0.058318097,9.20631E-05,0.001636435,0.011525265,0.00012712,0.033917308,0.011989221,0.076572709,0.001632482,1.42516E-05,0.009676616,0.060685212,0.000551963,0.000148861,0.000842924,0.050266369,0.004214307,0.001589415,0.01523775,0.002283374,0.000188183,0.005779589,0.010724887,0.002439205,5.12849E-05,0.011375571,0.000366068,0.006856259,0.009835984,0.005594006,0.002666502,0.01780782,0.002204002,0.010611395,0.001518366,4.79561E-05,0.001150009
0.059206732,0.000210062,0.000285465,0.025640061,4.8303E-05,0.000966482,0.023348054,0.00838886,0.001851382,3.10319E-05,0.005953067,0.024345006,0.000135922,0.00035132,0.003814394,0.008503158,0.004116008,0.002555427,0.006229546,0.003894712,0.000381229,0.005859269,0.002647259,0.011908521,0.000148841,0.002792589,0.00043571,0.004637652,0.017213851,0.009475959,0.002986644,0.015529283,0.003578215,0.002865886,0.001624611,0.000220172,0.000945139
0.01744569,3.87311E-05,3.17671E-05,0.004287895,5.34222E-06,0.000101598,0.042930086,0.000124588,0.00057343,3.14809E-06,0.000205866,0.00120095,1.55497E-05,0.302514889,0.001375717,0.000957498,0.00137524,0.001365319,0.001959736,0.000711469,0.000200715,0.006150995,0.000262914,0.006270527,1.50727E-05,0.000496254,0.000141378,0.002433763,0.004885938,0.004805805,0.00408699,0.005964303,0.00361468,0.000310994,0.000657761,3.36751E-05,0.000332458
0.094615924,3.30654E-05,0.001182112,0.008712677,0.001015991,0.001946687,0.012858062,0.001614643,0.001089867,0.000519414,0.007986529,0.028144095,0.000199187,0.000201371,0.012906915,0.012155646,0.110487999,0.003061874,0.005763305,0.002351415,0.000347037,0.004583278,0.003937659,0.002518231,4.31935E-05,0.003195227,0.000188959,0.003237726,0.002393615,0.006300692,0.002949769,0.015111075,0.002117673,0.00340067,0.003269401,0.009802245,0.002255396
0.119154799,3.31145E-05,0.000162734,0.005844767,0.000152642,0.000865919,0.01051812,0.000610779,0.000874434,0.000105966,0.005703899,0.020452479,0.000140553,0.000181236,0.018513965,0.009041633,0.177475792,0.004592092,0.004317924,0.002151078,0.000181552,0.003779261,0.00304906,0.002107346,5.025E-05,0.002672921,0.000169988,0.004011273,0.002161695,0.003077549,0.002444798,0.007099755,0.001816253,0.002659885,0.006071207,0.006905378,0.003047483
0.177214752,3.42894E-05,0.000163768,0.009271502,0.000165092,0.000532478,0.01090402,0.000671489,0.000893907,7.73166E-05,0.003856959,0.011675597,0.000132524,0.000148808,0.027545354,0.007226717,0.014864376,0.009875339,0.004543805,0.002545489,0.00016165,0.004638862,0.003005417,0.002376426,3.05824E-05,0.002801931,7.86405E-05,0.005438241,0.001608423,0.00324531,0.003662476,0.003673861,0.001917689,0.002460759,0.011192766,0.004696188,0.004027346
0.030232682,2.56689E-05,0.023460119,0.006682027,0.029565214,0.001240379,0.009377646,0.003504266,0.006124656,0.016801673,0.003558851,0.021636082,0.000232644,0.000114814,0.000295347,0.002025367,0.024746578,0.009512021,0.002515705,0.002577789,0.002689975,0.002295277,0.001053043,0.003410636,2.99986E-05,0.001506423,0.000311042,0.00184901,0.002787006,0.003023825,0.000660819,0.052530743,0.003134851,0.002315766,0.000696926,3.36324E-05,0.000562473
0.023602033,0.00019629,0.130504496,0.023296568,0.193271271,0.021813816,0.011324023,0.012655732,0.013607241,0.09785558,0.004576116,0.014969564,0.001308973,0.000138213,0.00084166,0.008055755,0.010953954,0.031510796,0.005672141,0.010862563,0.00527596,0.003176201,0.005350244,0.003631134,0.000183909,0.004408639,0.0004367,0.002863983,0.001735993,0.002388341,0.002377086,0.002829092,0.003736707,0.003998727,0.001112683,0.000146542,0.002227393
0.021997345,0.000231421,0.14471011,0.024556284,0.216930189,0.018241137,0.011206508,0.011295246,0.010659365,0.090005147,0.004669981,0.010758378,0.001241872,0.000142682,0.000874074,0.007205801,0.00701478,0.03245985,0.004742607,0.011365536,0.003872736,0.003085298,0.004450937,0.003316485,0.000188453,0.003608622,0.000460039,0.002567813,0.001588653,0.002308369,0.002344565,0.002463662,0.003596012,0.003261374,0.001038474,0.000144083,0.00223948
0.073436882,0.000204937,0.00039296,0.048838783,0.000186061,0.093787192,0.018411497,0.002325645,0.002628148,8.80053E-05,0.007431669,0.040923208,0.001134018,0.000379477,0.002283726,0.037897933,0.003300812,0.00249283,0.015737263,0.006624668,0.000607702,0.010668745,0.015448733,0.003170153,7.67289E-05,0.014727285,0.000387567,0.007183097,0.006548184,0.004788323,0.002398942,0.00402275,0.003153483,0.011826542,0.002742873,0.00045449,0.002337902
0.097925237,9.61875E-05,0.000376413,0.028779989,0.000190677,0.160987048,0.013418392,0.002043406,0.001903062,2.90261E-05,0.002738952,0.062387263,0.000492363,0.000218313,0.002565721,0.059822005,0.005392986,0.001691079,0.021702099,0.002894426,0.000477232,0.008225655,0.023201729,0.002592586,4.12232E-05,0.021572254,0.000211983,0.00819138,0.005646656,0.003996183,0.002249677,0.003747917,0.002641529,0.016357438,0.002505971,0.000163503,0.002672099
0.109934752,0.00012505,0.000339522,0.042511716,0.000104287,0.088071342,0.016072193,0.001868904,0.001900284,3.09085E-05,0.005118073,0.036006535,0.00053559,0.000866146,0.011595885,0.037841934,0.004895815,0.002557857,0.014103957,0.005385396,0.00043036,0.007295826,0.01397065,0.003118457,7.69174E-05,0.013266596,0.000252223,0.006114696,0.005764792,0.004275049,0.003043899,0.003623375,0.002975004,0.01024346,0.002997418,0.00050303,0.004803089
0.178603098,9.06342E-05,0.000429492,0.045773751,0.000265779,0.060104981,0.030849112,0.001195596,0.001922711,0.000141055,0.005841825,0.026519083,0.000637297,0.000690371,0.002270142,0.025293683,0.003613121,0.002810681,0.01291456,0.00636338,0.000458887,0.009770532,0.010142663,0.00558564,9.47168E-05,0.009706843,0.000193516,0.007738407,0.008935636,0.009114046,0.002721272,0.006013907,0.004935686,0.007284011,0.002773734,0.000239854,0.002411401
0.097128268,8.25777E-05,0.00035208,0.021630436,0.000179813,0.169673909,0.013437243,0.002061831,0.001876793,3.80235E-05,0.002771362,0.063823312,0.000503013,0.000229447,0.002624202,0.06199383,0.005345494,0.001699447,0.022574638,0.003195135,0.000460926,0.00867821,0.023917941,0.002475591,5.1085E-05,0.022268853,0.000205356,0.008237022,0.005380905,0.004022654,0.00210566,0.003670283,0.002584872,0.016752108,0.002516662,0.00014237,0.002564554
0.112624293,0.00012008,0.000342668,0.034719687,9.56039E-05,0.099996004,0.016164795,0.001874212,0.001814591,2.11291E-05,0.004696723,0.040465543,0.000511282,0.001158962,0.012028725,0.042608785,0.004673502,0.002554736,0.01558636,0.005239804,0.000402289,0.007442458,0.015709997,0.003060161,7.51024E-05,0.015266914,0.000250829,0.006541648,0.005764684,0.004193391,0.003088193,0.003615375,0.003004932,0.011712625,0.003010999,0.000452288,0.004628315
0.032313028,7.99635E-05,0.000297939,0.007132721,0.00017327,0.000305342,0.004137646,0.00037313,0.000454457,9.54497E-06,0.015863834,0.001437199,0.000118338,0.000106748,0.001668032,0.000883591,0.0041955,0.002912774,0.000868008,0.004265627,0.000121357,0.001589919,0.000477248,0.001003585,0.000101488,0.000848723,9.71054E-05,0.001541707,0.002663825,0.001162733,0.001509761,0.001192731,0.000898883,0.000394558,0.001394539,0.013598657,0.001275032
0.059312506,5.74036E-05,0.000289615,0.006843027,0.000158151,0.000454124,0.005808061,0.000385616,0.000552901,7.34336E-06,0.008927019,0.002311099,9.68965E-05,0.000158599,0.003576844,0.001135713,0.003758905,0.003283826,0.001481568,0.002573042,0.000130748,0.002503191,0.000747411,0.001445478,5.83887E-05,0.001425418,9.2598E-05,0.002380144,0.003232243,0.002133246,0.001712705,0.002041454,0.001268431,0.00076971,0.00299233,0.006366604,0.001411089
0.073126269,5.56632E-05,0.000229504,0.009734427,0.000126741,0.000370589,0.007923659,0.000368876,0.000693221,1.70201E-05,0.007508433,0.002418888,8.59569E-05,0.00025027,0.005562147,0.001445103,0.002806068,0.004514929,0.001677925,0.002597438,0.00017855,0.002801573,0.000891896,0.001696015,3.88572E-05,0.001181987,6.57254E-05,0.002849422,0.003376402,0.002296536,0.002229419,0.002182962,0.001492845,0.000790525,0.003864098,0.004748929,0.001709931
0.035965918,6.87559E-05,0.000274932,0.007323005,0.000150238,0.00034854,0.005196699,0.000335265,0.000444945,3.00292E-05,0.013392016,0.001459712,0.000108856,0.000161773,0.001678156,0.000968167,0.003522572,0.003078817,0.000991879,0.00365514,0.000128173,0.001561244,0.000448973,0.001119686,4.67833E-05,0.000812711,7.95591E-05,0.001571406,0.002988912,0.001185604,0.001972863,0.001211147,0.000986478,0.00037976,0.001361293,0.011689782,0.001108242
0.060372441,4.00519E-05,0.000223847,0.005416345,0.000128783,0.000483314,0.006807159,0.00031337,0.000557006,6.80724E-06,0.005307587,0.002507913,7.32174E-05,0.000233742,0.003629366,0.001287439,0.002863947,0.003927776,0.001562024,0.001883151,0.000143902,0.00254187,0.000800642,0.001564082,3.45111E-05,0.001210818,4.70174E-05,0.002530789,0.003864453,0.0021218,0.001767111,0.002043675,0.001315459,0.000773255,0.003173993,0.003785774,0.001292267
0.075298686,4.99184E-05,0.000193032,0.011235281,0.000101551,0.000470154,0.010082873,0.000350071,0.000724781,2.02459E-05,0.005867875,0.002338238,7.09141E-05,0.000387992,0.005698945,0.001580678,0.002792966,0.004062458,0.001783351,0.002539304,0.000233524,0.003001424,0.000955412,0.001878581,6.38441E-05,0.001142231,5.81667E-05,0.002898909,0.003745594,0.002337488,0.001973383,0.002147455,0.001725077,0.000704963,0.00378405,0.003645114,0.00167248
0.044544059,0.000133057,0.000666369,0.060918879,0.000164556,0.000992221,0.048235064,0.001544904,0.001798345,6.15499E-06,0.004751837,0.003029887,0.000258691,0.00075272,0.001467604,0.002646105,0.003147013,0.003923628,0.003439918,0.00580597,0.000410755,0.007225421,0.001153156,0.009929093,0.000155866,0.001725933,0.000222304,0.00408221,0.003297086,0.004807594,0.003586733,0.004377831,0.009298568,0.000852467,0.001840705,0.001242404,0.001716519
0.05036089,0.000127969,0.00049835,0.04262301,0.000138456,0.001233337,0.031299561,0.001164185,0.001539582,1.80859E-05,0.004842007,0.00307278,0.000200617,0.000470082,0.001462375,0.003513073,0.003279628,0.003623261,0.002973384,0.003621437,0.000299557,0.005428812,0.0012113,0.006589197,0.000120522,0.001702811,0.000167333,0.003283276,0.003793025,0.004364631,0.002920646,0.00418286,0.005940688,0.001071932,0.001664663,0.001868776,0.001658432
0.051571607,0.000206953,0.000571241,0.059313184,0.00015785,0.000873058,0.044067319,0.001161506,0.002528423,1.90242E-05,0.007097067,0.003195043,0.000255028,0.000712123,0.001835067,0.002957754,0.005466896,0.004321586,0.003531052,0.00692482,0.000491288,0.007004774,0.001147624,0.008475809,0.000208752,0.001662821,0.000220064,0.003804846,0.004972266,0.005187188,0.00362463,0.004759914,0.007925392,0.000967151,0.001974664,0.001986747,0.002379571
0.046636072,0.000141053,0.000657166,0.063302887,0.000163378,0.001243704,0.04927935,0.001455589,0.001905336,9.3359E-06,0.005312128,0.00338264,0.00025552,0.000726374,0.00158142,0.003018337,0.003436423,0.003974658,0.003475391,0.007517633,0.000432902,0.006915467,0.001294443,0.009948214,0.000183268,0.001857032,0.000283324,0.004108811,0.003190037,0.004938489,0.00392189,0.004442062,0.008838257,0.000877778,0.001856829,0.001266841,0.001997883
0.051350066,0.000126806,0.000561776,0.047338835,0.000144033,0.001461544,0.034690412,0.001132964,0.001644496,1.06868E-05,0.005027436,0.003515011,0.000219638,0.000496698,0.001525027,0.003900215,0.003374646,0.003896227,0.003229178,0.004010114,0.000330973,0.005553165,0.001300125,0.006928416,0.000115482,0.001750088,0.000182474,0.003518041,0.004208538,0.004512076,0.002846844,0.004174563,0.006121481,0.001015249,0.001781351,0.001845153,0.001797461
0.051333293,0.000185278,0.000560922,0.065004786,0.000165465,0.000846603,0.046738823,0.001083288,0.002604336,1.57968E-05,0.006984076,0.003283332,0.000229991,0.00070229,0.001761481,0.003083061,0.005770932,0.003866744,0.003584543,0.006795585,0.000546196,0.006843243,0.001078201,0.008804996,0.000235882,0.001707397,0.000327717,0.003999009,0.004638112,0.005337457,0.003438891,0.004924597,0.007998822,0.001020101,0.001840733,0.00193364,0.002227889
0.040868087,0.000103127,0.001783321,0.036018166,0.000588458,0.008877472,0.052480562,0.001030684,0.028204626,8.38552E-06,0.002868142,0.00621117,0.000376024,0.000786032,0.001050544,0.005516643,0.002624962,0.005605353,0.005681705,0.005458827,0.015169113,0.007206987,0.002597893,0.01059209,4.47228E-05,0.002964649,0.000122399,0.003848954,0.005074417,0.004962904,0.003918686,0.006253098,0.008852021,0.001754192,0.002443717,0.000127695,0.001282543
0.044550947,0.000122176,0.000553207,0.026915411,0.000202805,0.007558775,0.018884619,0.000763739,0.1297141,2.63165E-05,0.003075561,0.004839775,0.000225426,0.000265629,0.001095775,0.004294071,0.002289089,0.002800637,0.003216998,0.002996835,0.072263693,0.003569415,0.002103305,0.003707269,0.000126095,0.00227789,0.000146365,0.002603543,0.003618801,0.003849266,0.002173744,0.00406439,0.003448695,0.001353565,0.00205336,0.000113329,0.001114812
0.053424911,0.00014972,0.000584087,0.034811558,0.000180272,0.008477895,0.025218023,0.000888918,0.109771498,1.34098E-05,0.005701514,0.005537417,0.000328056,0.00038999,0.001391163,0.005270051,0.002852416,0.003214895,0.0039646,0.004413206,0.063961141,0.004653753,0.002482886,0.004900244,0.000136172,0.002475559,0.000218981,0.003115497,0.004493665,0.004238602,0.002653205,0.004343392,0.004292379,0.001419227,0.002360401,0.000184281,0.001497335
0.041922496,8.68118E-05,0.001674594,0.035179926,0.000520584,0.011546964,0.051801873,0.001075636,0.029645855,1.00112E-05,0.003194301,0.007324223,0.000405026,0.000807907,0.001041598,0.006515458,0.002518399,0.003409971,0.006190665,0.0055857,0.016171299,0.007365412,0.003020248,0.01041598,5.83512E-05,0.00337293,0.000108264,0.004078007,0.004865892,0.004954563,0.004170682,0.00607811,0.008207786,0.001984228,0.002700889,0.000129002,0.001322628
0.048738043,0.000119992,0.000544569,0.029788788,0.000133219,0.012086929,0.023978871,0.000870177,0.126655231,9.09387E-06,0.003892411,0.006525498,0.000285925,0.000349228,0.001308454,0.006047185,0.002465146,0.002462784,0.004182942,0.003492045,0.07182855,0.004477489,0.002880275,0.004457175,0.000114795,0.002877441,0.000159438,0.00298704,0.003455669,0.003958312,0.002995425,0.004029055,0.003985475,0.00172063,0.002283033,0.000134282,0.001362545
0.055737689,0.000135466,0.000585516,0.036642349,0.000177663,0.010198373,0.031611478,0.000895008,0.097071444,1.3241E-05,0.006156797,0.006247447,0.000312692,0.000509126,0.001471212,0.006160289,0.003077598,0.002709322,0.00469126,0.004902389,0.057683686,0.00563443,0.002729111,0.005908855,0.000116696,0.002779165,0.000219132,0.003483124,0.004510542,0.004537024,0.004026734,0.004552156,0.00493862,0.00177852,0.002517982,0.000198616,0.001650038
0.044134466,8.23775E-05,0.001045941,0.031210786,0.000426981,0.015864163,0.039691581,0.002467658,0.001498594,0.000314699,0.007889482,0.013159669,0.000403142,0.000594557,0.001177124,0.011159475,0.002929057,0.003628702,0.006876408,0.00801065,0.000346014,0.00863751,0.004545152,0.008438901,5.47303E-05,0.005873348,0.000123707,0.005168626,0.004901322,0.004459953,0.004305213,0.006590484,0.006463956,0.003650707,0.002346772,0.000551817,0.001418614
0.05405785,9.50936E-05,0.001185544,0.029512796,0.000878585,0.012578688,0.028286421,0.002954152,0.001687213,0.000179414,0.006793274,0.012058799,0.000552075,0.000336485,0.001473884,0.011763676,0.003793902,0.002671931,0.005938495,0.003785922,0.00057535,0.006372867,0.004176936,0.005960041,5.50612E-05,0.005149418,0.000142441,0.004506638,0.004636711,0.00423346,0.003277604,0.006100221,0.004949921,0.003989808,0.002594925,0.000307225,0.00155222
0.073607185,0.000163521,0.001156164,0.034034409,0.001238239,0.016067588,0.027411902,0.002671406,0.003175579,0.000684863,0.007378557,0.015364509,0.000517782,0.000435289,0.002236954,0.014887136,0.00399151,0.003053514,0.007132961,0.007034346,0.002172467,0.006907256,0.00545378,0.005612904,9.92434E-05,0.006305933,0.000209374,0.005045291,0.005065809,0.004858738,0.004980804,0.00515584,0.004742954,0.005887185,0.002656331,0.000351958,0.002522959
0.051554212,9.14242E-05,0.001320716,0.030711588,0.000826216,0.0236415,0.040205146,0.002721853,0.001580264,0.000528319,0.008210383,0.016940508,0.000535924,0.000574274,0.001286412,0.016628047,0.003402924,0.004253897,0.008103262,0.009176891,0.000381716,0.009053104,0.006321865,0.007748083,6.84468E-05,0.007423972,0.00015,0.005535131,0.004129625,0.004209561,0.005005841,0.005361991,0.006280117,0.005030761,0.002297742,0.000565698,0.001715701
0.05596146,7.60955E-05,0.001248796,0.027725049,0.000972362,0.018655572,0.042217921,0.002599837,0.001711319,0.000315174,0.005418968,0.016254829,0.000507349,0.000636158,0.001564108,0.018194019,0.003282206,0.003237656,0.008190366,0.004439135,0.000570578,0.008471781,0.005855064,0.008047722,6.47504E-05,0.007077711,0.000121061,0.005523288,0.0050663,0.004779766,0.003596135,0.006141322,0.006673852,0.004917845,0.002795472,0.000256373,0.001691949
0.072711448,0.000167043,0.001086967,0.032623655,0.001183528,0.01848576,0.035711692,0.002386671,0.003086097,0.000913026,0.006947706,0.016404078,0.000478498,0.000584975,0.002216179,0.017460223,0.004231906,0.003399492,0.008200638,0.007972813,0.002107978,0.007687223,0.006203232,0.006706086,0.000102166,0.006908047,0.000189675,0.005810734,0.004645096,0.004942109,0.004595953,0.005257659,0.005582478,0.006538181,0.002772918,0.000339259,0.002774211
0.052486031,0.00029144,0.000436383,0.040409758,7.90031E-05,0.03129859,0.035375024,0.001068097,0.027794461,3.76353E-05,0.007337643,0.014716654,0.000618339,0.00076888,0.002269316,0.015954887,0.004007073,0.002577864,0.008041517,0.007460502,0.018650634,0.008025032,0.006109052,0.006476074,0.000211193,0.006011387,0.000312591,0.004657138,0.004940802,0.008762498,0.004035377,0.006765338,0.005666137,0.004484202,0.00357069,0.000229233,0.00196108
0.06211675,7.06783E-05,0.00051822,0.034753031,0.000134104,0.041458637,0.032335068,0.001785551,0.058917105,1.08127E-05,0.000894292,0.026679747,0.00088071,0.000547625,0.002590308,0.030941677,0.002247201,0.001733729,0.011740777,0.003517038,0.032578618,0.008788243,0.01088433,0.006519943,6.48764E-05,0.011107573,0.000129489,0.005465702,0.00512787,0.0050535,0.002498795,0.006208484,0.006078204,0.009040628,0.00266336,3.96906E-05,0.001761552
0.037016274,0.000107128,0.002945578,0.037270013,0.001204244,0.007716103,0.053999074,0.00150066,0.002825386,3.77415E-05,0.002572228,0.01050636,0.0005278,0.001107858,0.001460305,0.011829635,0.005152004,0.005502709,0.007914391,0.024306101,0.00064567,0.008728155,0.004488625,0.010988871,7.75152E-05,0.005565999,0.000179998,0.005655998,0.001689948,0.004305433,0.006133573,0.005011489,0.009817723,0.003396154,0.00227407,0.000288287,0.002014815
0.051380249,0.000109717,0.000264058,0.025174244,9.42035E-05,0.042284574,0.03150859,0.000907968,0.013460064,3.66258E-05,0.00379373,0.020640801,0.000402244,0.000508923,0.001527728,0.016508643,0.003465857,0.002835541,0.008279352,0.007641839,0.016741512,0.007499654,0.007104767,0.005598151,8.66864E-05,0.006494123,0.000265497,0.00436055,0.003585011,0.003937034,0.004537122,0.003472894,0.004776709,0.007397773,0.003594287,0.000164416,0.001532526
0.050346773,4.15065E-05,0.000350709,0.012591043,8.72056E-05,0.046610453,0.021703924,0.001593913,0.001362273,1.81329E-05,0.000886206,0.033980314,0.00059608,0.000349766,0.002103102,0.035471195,0.00207847,0.002001746,0.012227442,0.004144258,0.000319789,0.006026306,0.011916667,0.004341728,1.19488E-05,0.011481792,0.000120432,0.005022393,0.00332985,0.003713156,0.002326356,0.004029172,0.003984311,0.0134087,0.002051638,7.12738E-05,0.001524945
0.030183994,9.80775E-05,0.001134897,0.064141425,0.000477969,0.007855118,0.035731424,0.001307806,0.002749036,5.44521E-05,0.002874181,0.010042756,0.000614258,0.00053465,0.000892569,0.0110869,0.005334398,0.00757203,0.005079333,0.041152755,0.000612029,0.005738172,0.004289299,0.006559093,4.45807E-05,0.005228997,0.000273853,0.004678107,0.002349721,0.004240261,0.005135059,0.005438526,0.005809501,0.00373427,0.002394938,0.000730805,0.002243046
0.03526898,0.000121015,0.000117267,0.017386778,3.23997E-05,0.004668092,0.011829266,0.000352165,0.006076873,2.11565E-05,0.012811895,0.003582703,0.000177956,0.00017445,0.001226473,0.004856324,0.002310774,0.001872048,0.002509645,0.004292594,0.008164114,0.003120161,0.001433927,0.002116376,0.000261736,0.001414584,0.000638806,0.002139104,0.005313668,0.003111094,0.002461408,0.004932488,0.001945915,0.001231188,0.001774487,0.000239854,0.001405034
0.040974581,8.0714E-05,0.000261312,0.026168268,5.75087E-05,0.045828408,0.014505093,0.001058475,0.001395568,3.00435E-05,0.005423758,0.015775442,0.000312991,0.000224766,0.001271694,0.012495875,0.001789945,0.00123044,0.006480326,0.003315777,0.000415005,0.00413749,0.006188411,0.002807839,5.97508E-05,0.005843358,0.000179701,0.003875394,0.004743069,0.003664753,0.00207861,0.004545208,0.002705825,0.004613479,0.002317501,0.000180373,0.0014042
0.038655479,0.00011796,0.001719859,0.055986092,0.000561253,0.02323195,0.050324242,0.000926465,0.002255924,4.80654E-05,0.004501354,0.009248283,0.000294269,0.000804728,0.000988174,0.008245836,0.002478201,0.003346526,0.006116267,0.008144038,0.000397326,0.00708597,0.003881752,0.010187342,7.05239E-05,0.003907988,0.000203176,0.004408792,0.005443562,0.005469378,0.004025738,0.00691155,0.00856928,0.002858946,0.001984114,0.000171062,0.001597282
0.065964209,7.74923E-05,0.000724705,0.034283509,0.000172633,0.000417945,0.025753424,0.001337103,0.001901208,6.78659E-05,0.004933193,0.002165933,0.000357459,0.000400457,0.00423464,0.001443955,0.003791666,0.005577357,0.002172832,0.005593883,0.000374466,0.004186989,0.000883861,0.005807909,9.06483E-05,0.002163847,0.000132363,0.003037921,0.004141103,0.0039574,0.004750452,0.003214726,0.005555698,0.001255439,0.001917252,0.003596732,0.00260281
0.068419061,4.14364E-05,0.000107565,0.021603922,2.65998E-05,0.000487805,0.01019398,0.001302967,0.001190633,4.45096E-06,0.001070563,0.002162321,0.000284862,0.000179098,0.014665716,0.001434058,0.002643767,0.005796216,0.001728988,0.001915928,0.000123461,0.003167073,0.000983133,0.001811225,2.04532E-05,0.001973791,4.88546E-05,0.002930112,0.004984868,0.004155293,0.002625751,0.003403716,0.001860927,0.001407671,0.001800097,0.000632461,0.002613776
0.08660537,0.000101947,0.000965836,0.034265428,0.000238198,0.000576651,0.04423929,0.001990375,0.00295452,2.31917E-05,0.002053911,0.002647231,0.000718217,0.000722323,0.005664562,0.001668108,0.006483275,0.007113557,0.002754251,0.008943282,0.000416,0.006466123,0.001076238,0.009104899,0.000101463,0.002281962,0.000122481,0.004139952,0.001642984,0.004650893,0.006409835,0.003742312,0.008679718,0.000822821,0.003235961,0.000623517,0.004745834
0.054842367,0.000154018,0.000271275,0.027049686,8.22381E-05,0.009478934,0.016898745,0.000674067,0.047187884,2.28175E-05,0.006474628,0.006690443,0.000220252,0.000294568,0.002112521,0.007543882,0.001885614,0.002553185,0.004219022,0.004032837,0.034050067,0.004131237,0.00270546,0.003162761,0.000194266,0.003030768,0.000200604,0.006435331,0.007572721,0.004723542,0.003419299,0.006104318,0.00310128,0.002427054,0.002397265,0.00015386,0.002514997
0.051377987,7.62703E-05,0.000264774,0.021841688,7.25325E-05,0.030967554,0.009078285,0.001189816,0.039623574,1.62643E-05,0.004205271,0.014396294,0.000514799,0.000113244,0.001539852,0.016065552,0.001601272,0.001189513,0.00614496,0.002224264,0.024688944,0.003375793,0.005873418,0.001915344,5.30356E-05,0.005674812,0.000125265,0.004644002,0.004367206,0.002582684,0.00143176,0.003363166,0.001742498,0.004624404,0.001480351,0.000121628,0.001513384
0.049277953,0.000173987,0.00270901,0.04780756,0.000915365,0.024541167,0.030762061,0.002171596,0.003716467,7.23144E-05,0.004822198,0.016267964,0.001201841,0.000347975,0.001516131,0.020874763,0.004168587,0.003238079,0.008258369,0.011041547,0.000933907,0.006601318,0.007047566,0.007212282,0.000115579,0.007127915,0.000264226,0.006317314,0.005896098,0.003861096,0.003032879,0.003899725,0.00695022,0.0056294,0.002354236,0.000176151,0.002377414
